Cipher Text,Cipher Type
e4c79dafbe06084f596611cddabfee4aa89ccbdeb4c8a8bcbede508008c66d3ab91ec8ff34528944dad59a5be9be181e6e0cfe90e9c79a1410a36841bb6ed5d3,sha512
c8a0243faf55c4a8f35123e0518b84d9c017a2ceb4e3b28fa32d46fe3cf0308f,Hash
09782e8453db74f24f31d95ef05415b79cad48cd5e40cd0f9a7c8bd0,sha224
0c665c7cb2dcaa608e1baf31ba35db79ace6eb281fabc77c513fe0a0014b02b3,Hash
NBgyRvochcIG85nEqBw4R9e8D6oAT4GlMwe12ddJhprElHWQf0hbr8RHRlcxRg==,DES
0WIq1Vn/PXpf4wGE5baex71Q8reyvN1wK+95oH3a1XMnD1TcKYYtLJ16ptdUHry9wP+UG0QR4NKW7KJwZrqqDE8HIDnh,Encryption
38ee69d31e3db19b7c578395b8e63cf4bafe531a,Hash
54f1db0fc9874e96e7181145b99185db388720b7fec4dba5b77c0068ea6e6e1239ecfa01968493edd73f14b0b10619b83605ec17d218e0a42e5b62b5c8cd12e2,sha3_512
65aea98c57dcd2a1ffb0d35ca20603caaf7d9f03,Hash
420b164e7e835c572deb758a9eba13b2f6676d79c094399b5f52edb2,sha3_224
b9d643d4654fafa73a94232a66c1911783439d355129611033b4809fc7d2a30e40857be5f5d625d72456132c812b24c18d6342e4baaa08342d3aaa2179a875c7,sha512
a8fbc8ebc845540957a6a470af7440554a2496c27910e730da26401792a530e22e3ef29c1090a93f0384f353e93ce4d2,Hash
192772cc4426c48b94dab92f89f242ece901f0cd5c37a9ab8d38cbe924de96c6d6eb19fdf341c9f1c29160fc29e1e1044408498ae5093556efd74f7b608c9ada,sha3_512
7e922c8a27e0fc84f71861c13f4932554149b22b3fac88cc362fc57d1c5c96fe9ed6f83ad0e764cbc91ccf580be3b2a5,sha384
0cf31b2c283ce3431794586df7b0996d,Hash
4d1e531ce62f9b4b43cf6ac933e7dac88890ffbd7b167bf838d4d0cbb26d940394c9c6781f563f2375ea1682d071fcf9,sha384
ec18a0d8a751c2ad4f637965eb2c1dd07775df0a,Hash
bc93d10f2f9a5e0fd661867a784fa661165e068405f8be6de33aa21c47973cd67c5525303265961ee22f49e9e851fec626535afca354a43ff9472dca65e5b635,sha3_512
SEqilMRLT7vj8ut+q+c5ypD8t8URJsuGJDQI0JH7PUVuNDyQ8CCR1inBQCVyQoXnPfNlvi0iuubiqLAkPvE+XFsCoAXj,DES
vFttnw==,Encryption
f57eff0e9d6c758e335d3d9ed14f50a4201c573fccedb0c1e5270f98912fbf07,Hash
a11277eeec190c0ac797d19d52cc0276986bb3784230d57a4a1253ee2685e66c098dbd2ed2fac6cfa108818bca98619a,sha384
dba342eb3d83c4f62d70c3054c89cc30c8600a709e00defc5c1d73ff,sha224
016269329952afc76247da0d6a8e5262c3ee43cde3bc48e8f28cf7468a4255b1ecdc1f45bd79a22c6a636ba7ae3b7f15d67ef017ffd049f5be9c3610164003ff,sha512
b5fcf409f4bbddbf659b5ca113a4592d1e6d769d036e294ec6a0e1b35e4da39a,sha256
0fcea2087ff12efd2c174f445b4134b638d0e2e127162639ad218eb310011389becbc4c07ec93d72c41f930e590f9715,Hash
68e69024c9efa0bfda883d2c0b2828647e42156a16b544bffb4fb8cbec9cef34,sha256
54c4f5265e48dd5ca1f2752029c1b40d,Hash
1a0f564ddc6039457b2fb26b3d6a316c15eba20a886449847c3210c35821a693,sha256
a7df693f86a83049c6452db56af52c57bcca7246c2c11606e6a230b2,sha3_224
ce8d3c9e3bf94af079a787b51a058d61cd16966a4eb50d94aa460203,sha224
acc389571073dd1302decb1be07a85e7,Hash
zE5Lbw==,DES
IrPzjn2susd5zvwzlwPl4mjzo0TdzRUh/kWBruSm8t/KYJUx5WgAwcUIhTEe1A==,Encryption
50bf342b1e5d31cd42c2fa8db31ca555a512a41de525c0167518e3c5de4c169f96e1a88d1987b62cc07abf41dbc34d11,Hash
ed5fba1611577a9943f323f74ac763090e25c57852112079aa2e4b91,sha3_224
