Hash,Family
232d40cec04d56f63d12ed98e55774b0ee1fb3d0,SHA-Family
41bcb60714279b44217a45f6b190d8db62896e65645c50aef42342b62f26d03c,SHA-Family
6ce71700e12a3d58e95a2ff8c4dac575e73be5276a996e2c05d8568247d680e355c362b4833556ae351e9424966adf46e14638a24c000dacc0be5895992bc8c1,SHA-Family
1d2894ad68c4684299d526996f19f6a61f0a808197917160a831e937340d1ff5,SHA-Family
4c4baf3a1119799156c669da068717ae211108f93b86b30a0629bfee4aedf6f09f6c3663b6b75d1ea4cc4a9cf7e0103ebc947608002879212628f027b8f17fd9,Blake-Family
268fbe93acdcbecde51a740eef2c529782744791535b6178c0f14e61f020adf1,Blake-Family
1c7b8525acabd46fa1a4bbda9f7141a6f51af20513817741a7df8c298ef02c6a0e726717ebb946c8ea09dff398bb30ef3b8beffe2fe5e70bd98f773befc40bba,Blake-Family
1b89469483cd58f48b974b768a2e347d0ab0c8d3,SHA-Family
469f0896af5bd425c12efc7cd146e22e151d9c180d0e52028ef3557a75785993d4c461ad509b82c674512f29d63f577cd9f60147bd1e9d8903018d2919fac83f,Blake-Family
bc7aa6157b7433ff2ca06f805061d35aaa6e6c34c834bd5c0a189343,SHA-Family
c923026b4f02e1e7b344b79f5b22a4d61787e56dc4dc4c06588bfe458dd140d5581731fad17d782fbe6759058f143b37f4f00a8eb56ebc6c07ed85648f3b16a5,Blake-Family
c56381419c9ecef7473113eeab0f308a22401239,SHA-Family
70cac41d0cb258975c437a04aa098caba58b8e3f455c151a3ff70c621e94a579,Blake-Family
952817fd46674137d55b98b3700f80c68c24cfb1a5d665ea6c83ebeb6436def2a45a5240a2b6be845c86a19511b85c7d,SHA-Family
ea01dd75c47d0a4ea61962525c21858198d86490,SHA-Family
38ee69d31e3db19b7c578395b8e63cf4bafe531a,SHA-Family
81bed3e8bb1d1125d6fe6923aad0f0be336d59b44d879efa6129acce29a563e8,Blake-Family
e045639c648e621101d7abd17485b4eba82ef982b4317711ce9e90d2e8d6437a,Blake-Family
016269329952afc76247da0d6a8e5262c3ee43cde3bc48e8f28cf7468a4255b1ecdc1f45bd79a22c6a636ba7ae3b7f15d67ef017ffd049f5be9c3610164003ff,SHA-Family
b854d679f0134a0e497aed59629e0ed92545da1953b5f9e16f1a49192aea0fe9b83bb23f3d62a2cb81d37867acb6f9a58d474ff10ea76db9d1e21f05f7f00487,Blake-Family
e81d4e260bf71352436ce1684e6b43cf6de1547d4fa9912d79523b93,SHA-Family
897264ea5a2d1ea5f94d915a729b19b90af9de8e9789ec86c28e00b2c5878eb6,Blake-Family
74a521a549ea2eaa2d51f4f9ba2319df905285f80b60ecb3038eed4c5467d43f,Blake-Family
dfce8b0458d0366dfe9b6a906db2c31d976a1637ccc50e13fb8a8ffe225586dd,Blake-Family
dfd07136654800241c96a5a539ee15af00c6506f028b2d291731f6ba5b97d2e60c9efaf1a16d1051779cfadc3d8e05ef,SHA-Family
86c2b1f0382ee556bde9d9cf8fa03e29811786a812a660d11cee5ad4bf45900c4ad9b39cdb9d9862eac0066c05d64537f193e94bd5a04139353ab261fc4f3b95,Blake-Family
ab3ede34ab856d20b60cd9dddc0018c8c3aabd98638cbcdd2cf11abc9890e80d,Blake-Family
dd10ebdb0b26c21e7e35b73a49f4befdb68389d5c4162fa5da20f8fbe62b4567de0d076b4c35730d687968ea14ad1c9ccd369a512236a1bd252128fc268cd6b4,Blake-Family
9e7ba6c7db857db11127012a2b8c3da4b716bb41,SHA-Family
5c26366286cf0fe2dc65d5b3bcd6503486fd60910e08f315baf4745c7e423960afdaf47877510fa3c1a43174a06cb21b70b950ce39053959ecb012dd2a4deddf,Blake-Family
d49e6a42248f68f22422b9b1cb0429ee7cf415b1b12c384ee840ad0885d379aa,SHA-Family
63a5d2b3009dcdaabf3867a06e2f0b67f0c10d01,SHA-Family
a39cfad9e1da21e2f5ea07c6a137493b3abf8c25c8d3c3ce1516b040,SHA-Family
77cce42fb6f71dc2a6c2ec32d4dbfb338d18c78c27d067f7489f33a0b166a5ee,Blake-Family
7bdc4bd8f8863af2134d868541308586135c90d36539096cb216c3054a5dfced,Blake-Family
3771e780b28f890dae891828f7ca88062d1ce106354e120ff2f2fc1b5b24494e,SHA-Family
429d5bebac8965f03ec9397a1edfa5412772945a8670f83ba939d5f7955cdf86,Blake-Family
9847bc86f3b23df25aebcfdee8fa6ac1970e770fdc56acbd30f2ed27912811de854861e0221fcf98acf71aef65f6aff87bedf959144a07983db54ac23aeb9a8d,Blake-Family
6d765c323356c928c75441bd61b31bb45de96eab583c368fb75a19b2d357449ffc56d6c4660a6cab602c49b75b5e8e274e435ea0b07175473589a011283f6881,SHA-Family
bca215fef81a5d9ac8429ffa1705885196f24a8a94e548de0fc92a91f4c36d9eff79c954b33dfa4dcce644b14354ebe6,SHA-Family
f2c88d4ee01721c82c1347fc2b1863bd3e9090993c11959d4f298a0d,SHA-Family
5f30f008546fe6aa897f1f31d5098724f6e5dda9b59f47216c3aaa597d122d83c45d9125ab7cb8d0ea46b4c60a1b2851,SHA-Family
21d7d433372ed24cd15dd89503e898600c1245f5a74a3520004b5251,SHA-Family
6e541a3d31309a5561bd1a8c05f1b010902cf9afd30a6e5cd5c0332a33bf93a89b4afa41044faa9604ab46bc39417d630898ae516c40a1748bbfdb71068d244f,SHA-Family
27e7fefb7c4ec7657a7ac4b263c8d52c02df3f3b5c5ef40df7673eba,SHA-Family
e5659d06e162d81b725298a984081756d96c862bd8cec3c9dd29992642f9ed9cc9c5998a617e2b244068c75105ce9fd5171abccdfcbee75444c95e5e5cb8a9f7,SHA-Family
9f64e316cdedd187c0b0092316c7742a3a641575c2926e79df25921a4a825b7476e6f6ce69dae20b9e51439efc6f7b0013b7862d0b4ab6ced86e825c6832c19e,Blake-Family
eb8128bd4de2b7096df2371354378918d4154e38,SHA-Family
0ee8f8af9598522d36cb9d58b40eadf0ee365e87763ba50dbf7cab938287b8f08e906d4b106171dca701f44216394b14944fff7439df7c124a8ed2bb9960c6a2,Blake-Family
e0a699eee00b31ef1e374b0aa4a4eb37c1132e49bab89a5482b6d1b7,SHA-Family
ada3c4de7a83048c8a303b5c6cac28bd48efc6855e8fd3be7181f21f4ec0b321,Blake-Family
047846c229f2b649adf3c65297c17169bcf736e8a710f1f3648cf75311af2996,SHA-Family
d68a160c65c8cf3df421d5f85ca2c665a8cec7ac28aa981bab530d5ba61077a46a875a73328fc6749d2d003e6c601c9e6935529c71817e0dc803dd953c9b55a4,Blake-Family
40310b34bd82923f49af5b32fa98b5705e75de91,SHA-Family
e5004a1d0b36578b3f2755dc8c6e09069849db0cdce0b9eebc1ed90add9dd69c95286d379c839021669d5dac409de3726016cf42471db7a081148dee06b96e44,Blake-Family
9b3b00552697496920200d3aac9467690f42a3e38764890c9a2cee18a1ec836ea4727f43fdcb9d7095a6e42b3546cda4,SHA-Family
34188c52534d90f547ca0162e21abe793fe55033f1f6a618098fe648771a08e4,Blake-Family
d980ff7070b98208d8aeba1ba4c2ec08c1b50adf792cc4b7bbd6b6d256f8f8efed1512ed5ef24b4aef5505657a4c2491f82529c4d723bdf73b0813c10edceb80,SHA-Family
ee0ebffff536f93cae02af93de2da38c004e0150aeeaddeeeee48e30,SHA-Family
ce090a7d4e338039894705becea6b2ff9f2ecd64fec1ed0180c56d993c93025536902629d56c63895ce21d6387f5d374,SHA-Family
0538a7e59014b0e247c724317006a0b20de136023f8f56dab8e1d57a8367dbed49a45de6e00fd93461c6772fe167167a5c3a13a5831a80e256c04a5263cebbc3,Blake-Family
461e775b12936238203ceb01e03f0b48b5951cb986431eb96f80fe17385c61fc,Blake-Family
f2515e2e5f945c85a318808d321ae9633276f9fa,SHA-Family
a6bf8bd269f6fcdcda567a5f236cf6333f57fe9643cb5dd37d8b5f82,SHA-Family
77927deb47244effa345c2f002c9aeb13aacb6dc90618def96df89fd8500af425c158a89060e5e3ce9aa09bbc1065b926831f1288035becd7358bbfb558271e2,Blake-Family
854e0706e7ff234e137cd739dc042b96fbaebd8e9f948e630c143a788d39009c6eaff444eaf61c4649a975d6954b17b5cbcd2d25ca37c65af7a24779c7d9a753,Blake-Family
d428c850e0dd960df3157511a98589f38fa9f3fff75c078ff9c2de925ba4dce177217fb8f4d35fa23700ff326834473f,SHA-Family
b57efaf39e21b67232bab14763e8c43f8421fb22c0332f8f40796466905aaf80,SHA-Family
548a9351bf868805365ba0710807da4262714f02,SHA-Family
51c19e725da6f078a992e803ba872524aa7b1c0989bd376e163a6279,SHA-Family
2b8b67e4d702d38101a33fe71b76ede68f7bb36ccada10333c254e23473392cc,SHA-Family
220502f1db0bde508908b2d96a6d9674427e090916ad249a6b58d02d,SHA-Family
ce63bcdfd724f7e10cc72883368a959be07a19d72e776ccce1174c7e5e304ffc,Blake-Family
ffa495a050a2f0e0ba3a09e33bb6e0b6e9757308012f460a5edd3e1fb0898b2f3e5b066352c1643d13dd998d1c8364502cc63f84827f2e9e7e99de8b63c076eb,SHA-Family
4e3beecb819f75bfdd76544326268d7434a2406fd09f3f4ed77f9263cc9b28be,Blake-Family
abd9909b8c16f6799f68a2dd68045ddf834287424a021ff89e4364e195c83d73789654062ea75689dec8efd197d719aaa9d8172c96218b70ce3622ad8a523b4f,SHA-Family
1f3612fe5417fdd52254179b3c4ac5dc5c7649e27fe91fc4725c9b3578eb6f9ac76f9d58b7996b38072137a4941a3c9a,SHA-Family
1500b892fe85953911b2f8397bd102196276cc51ba2f7a22abbec1941be325f3d7b78c4044ec9e81b5da42de1b73c8e0bd1dca97bb83d73610d610b5d83d73e6,Blake-Family
f4b3eccb9407911aa2603e80d1537e5a382390cd9641e6d3a5907577,SHA-Family
88d3d7dd807d402a30922c77a7c8dbdc711709848a0d68eb7a0864ea71504e19,Blake-Family
50085d2151d70e9eb2eb3b315be446e048c7c29443ad62ba23c1570ff961d1545dc8cf3934a136ca679ad3fbcf58cc3e,SHA-Family
9bccea342c420761525e7fcb818f7035bdb34d8a32d827a4c8e3f903,SHA-Family
3c4ec2d645502dadc93b3fefb172fae9a28a0f00791f481faecd6fe0bd7c08767adbc35a6b10f0d83a6f0269aea6c9046cd1468872e5863b556bd52ddac1d95b,SHA-Family
fdcab865397f5697be214498819918702ae13117206d752bdfb4b51b8d6a2d83,SHA-Family
65729480c45ab5241dc614b19e383a96bb43fd1c10a411c41f2e001fe13ab513,SHA-Family
5901dafb73f20ace67af0d1410f0c299b72387b494bd5e925a435b60f6846ab3,SHA-Family
065eff30855abddb02d0a489839953ccf4b544401129b9917fca5b94c0c7815c,Blake-Family
22c516f486d97bcbaa39ce910c370d125333fa14684ebc515158ea42807d4fe7,SHA-Family
e34444ec6f404076f46a0e04e2c1ce81f89475756420b945842465a523ad4288f64f1d3c6b1a2844056d9f90402199323a52045aa9653d7ba65cec72521fc8e9,Blake-Family
1c84b734402012d9cdf696f3cc654d2c0c219e26f3965e117790ef12cacfac3a4dfbadfcc71f9c34cb6a87d0ee9aa4f2741403a4c4fbce51f96c8fea1a4e44f1,SHA-Family
23102c664ab69b307879cfb15ad91e9221efc3ca5428df9f5a3bab5b74d33400,SHA-Family
88f11fa00770aa6210f0540b3f2a4856b0c647ed60f74fb1c0ef14c881963477ce3f1965edcdb2b22e4c062e65d2b1341894b8d7ab4782f76351633cb3c9df99,Blake-Family
f92d1f22ea1d08aa710639895fe24e34f4fe2a5f32f8c1fbffbdd7560fda9ecef5f8e53a45c2002c6d27cae8c9d8ff29b7318e0fdedd9a049416c3f04cf272ee,SHA-Family
5bf564ae42036fa34754e4543e974b293015995d2e336a2cc7a65efa873fefee91722272eec1b312879fde77abbed7d6b543b864f3cd7a08fa0dbfe06f158196,SHA-Family
0e172ad1d86e55a873c6dd39d4986d09f3fe24c80e2acf9605c53603,SHA-Family
3ae5e9406b8284145d49306e06ed949cbf88f724,SHA-Family
3b1de53a201260706055a4b10b24a986784ffb22128e2e0e33e40a22,SHA-Family
a582d56ccb125ba975f1d9f8104c2b7a064cba611a11b3741f27347ef4fb358e546a053382049a788eaf9524a8f8883d,SHA-Family
81e32d7d9f128b17d5f612e8b019daea0ecf4e04862e49a70c47ae7b1d8db0c9,SHA-Family
c8527e669dd182c8dafc3af1940290653528f68fbc19cf6358a45a03ed7ca532e162197c522872294432a325040ee4e6f927852673a06b14efc1eb23a962f23f,SHA-Family
01e4bc06618fd324030340fa64958e13b5fdaf2a7183957ee2319a243bfbb8a5c611ecf417e93710884f2195290540e1be9eea96195f7fcd42e56d32504067b0,SHA-Family
a38d3ec36e59f18231c6a86458f1771a70c1ddcd7ac2765005e60caeb312f669,Blake-Family
885b5ae1687a2cf40e36273f24f5b0a24ade40d1309f24033117857a2d32c2ad,SHA-Family
39ffb007adc2309e7d3c1d92cf79b5fbe580f23ad9701342718cf0cb67911ca7,Blake-Family
7afb0421f4652616615ccf143c990ff9300ed613601ccf012b9965eb,SHA-Family
30992c2963168818a3062ffc77197f1c47f1f951be5b1f37f730702edc5e2bbf5758d70bb4f12095bcc138cdcfc6cfc41884483ab009b66bd54af9072ca8714f,Blake-Family
37c53133dbb1d1d9d7aab50c8c63b90b3a49056786105427367accec9153a0b5,SHA-Family
67eef3bfa7f0a708fbb806d9df29d19b0b36c19a2a057f098be797aef369308cb22bcd3c2d2bf53ef4e502e5507e0ae2e3b37d0a15db1e32bc08eb3a33ca156a,Blake-Family
16e504338c637b23be334dfda49f2cae55cf88b108d2b2da945f3457029099d73f547deba00559020530c650db7fe3d3,SHA-Family
aad2696cd2079343e8755bae30b0e0c4f66a83b318b4dbd363b5d811c6e8930f,SHA-Family
21ed172562b7e7330f9306620e58b769d3f965e9,SHA-Family
da457ebbe6fdc2848fd14f9db705744cf7ac9e951aa885920531c128116c079891ca45240dcc73a5b5231a584e159665,SHA-Family
a7df693f86a83049c6452db56af52c57bcca7246c2c11606e6a230b2,SHA-Family
ed27441570081ecad7732ec3297b5952a902ee3a,SHA-Family
93bd90f12af43c8c0137ee785d6ae04b05e175fbd886269969dfbb2e,SHA-Family
e4c79dafbe06084f596611cddabfee4aa89ccbdeb4c8a8bcbede508008c66d3ab91ec8ff34528944dad59a5be9be181e6e0cfe90e9c79a1410a36841bb6ed5d3,SHA-Family
a36ada0d07890506b74e7741f40d690bb0e459fa7ca81660b33cd4cf3c10ba3891ecf5d7c75652c8a602db927c785a06,SHA-Family
1a0f564ddc6039457b2fb26b3d6a316c15eba20a886449847c3210c35821a693,SHA-Family
6499120a303d5c22fde5920207dbeda000b7177b2da922cb89270a4a0a19566801c25ce60b91855ec962c7c97d036187,SHA-Family
31de74b92d80132febfa5a8d31b69908686235ed830cceea28b31a9233d356005f6135b78d444ca77c550daa4484de10dcaef52045fdc5084991bfdffddc4baf,Blake-Family
51d68bbb6803605c37cf7c8eb11f8aee2d05b95a,SHA-Family
ea1c59c2de553eecfcdf4785a83230e37e6f9604e904ddc929678b13253747e7,SHA-Family
85e46d0e1f574f1478a7067a41490bf081360725391bda468b20b342,SHA-Family
bcc1dac5953f28b7c531b9ffba0a05f339edc045f29f50ce4a343c801a957a1fe2858c77ee659aba058e28bd5757ffb9,SHA-Family
ec6bdce216eeb6ca305ecec1c16b635a2b68fae2,SHA-Family
7d00c2f58268413f0ed442ae0eced3bee46b4e64,SHA-Family
65aea98c57dcd2a1ffb0d35ca20603caaf7d9f03,SHA-Family
74d223936a7ce6456d1f1ba127a0acc2e5b32e49ac54d78aa7da23fa4c10c0f5,Blake-Family
f55c83d402cf93a4ab06a92d7027c142af996cf54c1834617df5a25859435ab26a6c9d0f8c4d368c9b72e7b6e78e8aedbc9db112f51749dcd34ecea7e5a4b4b9,SHA-Family
12b3777da0561da7a34858e961cb10f6e23c3bb125c1f5c41b4f90c8b94f35e964f94a1f03f84ce5080de7f2dfd32381,SHA-Family
ccd01c9cd47b1296f1d9d5c694f3b37d086a548f,SHA-Family
9572d727e067a876228dd3ad1da00ceaee391e32f9791a815240dfda,SHA-Family
61cd3557d7caf838de2d6731ae78d12c5d973ff8ba1d7326ed9630a6,SHA-Family
a0b6bbf324f6a13164431aaeb2bc40c23408817d9bddda1e305344a4,SHA-Family
fd70343348fd983a00637917d4ceb5657094caa46113decff5aab4b38c1d63b9,Blake-Family
07a72cd5c669145ba2c19f9978a3cee4d80cc3b255d5e1486650b561af0d3b094328e9cd7aa8f61fbf1ffbcedec509b0e29aaeaf4365cfdb3eb711e37edc8b89,Blake-Family
808793ecdd1b2c2c433803c3558b13a36e360033faac7bedf277bd8c,SHA-Family
6dc7337366f622bff555703d87301f13ffb7ab51,SHA-Family
e93531753118c05b2a0abea8f7bba00dabc26a7d,SHA-Family
145531164fb98a09c538f19830eccac59b3f0ff499c73a1b626cd982f499b5559615adf7695d5317ad84d2b1126df56c,SHA-Family
8454f39692e73e233e45a7daa8010ea02648741bafbf4b1dcc4a95740aa81092c8e617a4627b01c536aa81cdc5f366ad,SHA-Family
f6eea81a8ce9d675067e68a19db0413c017af1994d183266152379a5e2d87b4eb2bd272d9d3bff0cdcc108564ed5bb5b,SHA-Family
11c0c33ecf615e0fe465bd32dfa02e847e675c98d6070fa3874d4203a1dafe6c,SHA-Family
817cc46a17b66ab153c8515c65474aa6beedc4edf9e06629f112244bdb7aca7f,SHA-Family
9ab90c198e961f641876643fdf1cf53633edc446a80ebc5dad28beedd6d2e767837a715599a52b56f71391fd309c47fcef631136325ad448a5f969fc910e72f6,SHA-Family
b3589dd87571f0e8767e91f51e5b1f496470a319,SHA-Family
c04a32dd900012ac33757c1fa15eedbff410a262,SHA-Family
de3a7f420914f04e7b914c8d55cbdf513eaaaa1907211fc9dbe8c9a547e5e3bb7f15545624e7b47150d1abd45cf5e2774c671db8faff482440651645ca9de220,Blake-Family
4a801eddadb252f7ec956b9cfa0ed893e97f16d022907034d6c8903e6b4c3e97,Blake-Family
0def0a6c064de5e4e294fe9d2b8f22fb9af1fa34f493908d4a43793b5a808e3cd1bd4b22095cf8b904c8ecb7de5e170cd5a3aab81b804b20ac10c9c4530c4f56,SHA-Family
b56a67cf6dc68fe84d6b1866e124ec44a7c4a5d8,SHA-Family
ec18a0d8a751c2ad4f637965eb2c1dd07775df0a,SHA-Family
9af9e97718b2fda1233984015e3d7ec9cf0a52be788dfd05980613d676749a62db8aaa558d736db241f53e1fce357dc5,SHA-Family
c3bc644e9cfac76d6a43d3a0cae78d9ed372c6f5,SHA-Family
46c9c93375d0be31ec6c69fa52edabf84f5cf26eaf198c951822147a7c5e081cc4c3ce99a146313be533bf832484829f7552dbb3370e1bc2b013c67d2efca7f9,Blake-Family
0fcea2087ff12efd2c174f445b4134b638d0e2e127162639ad218eb310011389becbc4c07ec93d72c41f930e590f9715,SHA-Family
90e5b4b87bc3e27f1e67ee7d59946b3f8245c492,SHA-Family
aaa56f0de54f77d532117420da2c88d0b58d9326,SHA-Family
9c0bf6d95e424e94afa2841911b52772054b33b1d18b257f4c59ab387698fd70beabba6eeb99b1306bf6ad325544d82f49b76752251cc01f3d0868acbfcace55,SHA-Family
9f7b55bdf5dad4647152d3745b23af3dc157f79a435e691ef37fb1206aaf3d66,Blake-Family
895b9afc22d07cd6369d3ebf80d0ca491fa93277baf93fe49d50f32341d9d662e253206a8cc059ce799339e3ec3946779fc61c5e1863088215746158ae82d7c6,Blake-Family
99bcd9f0e8d98aad57bbe82f21441b97e4629b3340b8426e98469a40,SHA-Family
eb8fcc82475c5377c71406783616244c4e6eb60f1008f27d336ea77f5d19e722e8855d2c5d81cdc7f40896dce91c6907f4cd0e64fee7c72e09195236c21946d4,Blake-Family
466f6c8602a8389dfa3ed356e1fd255154a1e74a11d5c0b3149d0bf259cc4f3163860e97166656579ea72e6cc528e45b620638ccabb28dd05190be9feb643972,SHA-Family
7c5e6ec9b7a14dc109d5fcfd88e91d304a5eba55b0c2924f71567e0b95acf9d103442ff1f4f9159fd1d6646ebdff5a1c2cbdab064c8ee6d7dc65ec12443a21fd,SHA-Family
56ba1379b0f4b8651c71b70264b7ee36cbddd36e59febc0a39502b2795983acee1e263f3aa307fd7e71fff374464531eb11be9898b724c787bf34c9651d59d52,Blake-Family
e6b1a61b91622427645827fae1c56d1c30c662123d6594882e262b75f86b62fe,Blake-Family
154665899efd920325c6ce60b51b0cfa33349ea1a32e59fb696bb7313cda6541c7105f0f59ad7c2b3b6a6dff7c3b5a10,SHA-Family
7ba96b871fe9918f2b512d4654348ed7a2c3df48077894d3a19bd319fbb21726bdceda5c2c9e2dedfb74b1864359d2a1e84d0586cdc54f784be1e1264b3c8496,SHA-Family
c4e374c835eca5437623469e5027f44f6e5585773fbf8580009cd946645c176c,Blake-Family
2043aef34e93fd6572375b709ac377c7274f2c79e92147946a0ead31da650eda6f0153fbebbba875d3f7a0ff20d8e701,SHA-Family
efb01be5a12d0073372d26a7a5d52954673fbb0fb75632f26f698f45b3598b27,SHA-Family
4ea8dcaadfe3f09f711410610e57572ee5314f33d0c0622efbfeb30befcf4be8103b2a886d8e2473e9f0be33998c58de8e54b4e0d46d5a1c300e2eec99f39ec4,SHA-Family
b3777e45f073a5a5af445b6d721ebc6d6ef60757dfdbc6f765985898b38235392a977251094471dada6125b6d769fb0b,SHA-Family
0a220e8b58b88c43155639ee35bbc8ae9937fb5a49480e985fbc1ec0f0948bad,SHA-Family
8e6034d178812f641570f92a5e93332d9eb973ebb220920613c1b80751ded44b,Blake-Family
0e73357f4e5bce39be6cbc13e41bd2c2105c739fdbd4406c72ba2f90ffae1809,Blake-Family
7065e214ff41718d23707649a7e1b6fcd41e72f553716109684ed9f3da43ac07,Blake-Family
c9fb618ab890cb2ec210e86d1136e93e1e5a63d08277630412e9b1ddd7cf250b52069dab80fe000805aebddff0dd976460b88779cf9586945f983bd602ce5544,SHA-Family
c14d2141a315670edf3152200033bbac9d2021ac,SHA-Family
fe96927f16ca68d747890f18cf86e7c462267cd8,SHA-Family
852b3b9b739487a7007f23a94799e4ce4374fb1bcf66e1e7951b06a331a6895f68244e2d4abba3cdacca0cd2a564ef9c,SHA-Family
b5fcf409f4bbddbf659b5ca113a4592d1e6d769d036e294ec6a0e1b35e4da39a,SHA-Family
f4ec05672066a1028cb77cfbcfb6db80a724ba50359dd07119bb7f09b65d3bce440502951fa1772905f1bb3820ed6be5999994f4629e847167b2a002c5690190,Blake-Family
2d6c634c26683e73208d130b7ee7a40db05dbf6b77673a5aab48f93e,SHA-Family
18d0bac96ad922baf41db06347736e2ac81132823f787d9d47526441,SHA-Family
a92aa8201ce9cec691a87fcd9076ca6591ddd42b546beb6fabe721e2,SHA-Family
dffc8f972214de728c7c50fea3c6476f62b875fb1ef84f3927db916150e47a1afe07e024729082f57b148690e6c7771488f6dfa85ca4ae75f2edbe559dd7a25e,Blake-Family
ee72c6aa284e5e8425f0e389c9104a7e04f4e8a902a59ac829061d7780e9089a,Blake-Family
380dc41831af1f97bbdbc72cde11923fe68af138d32927fdd173c60730d2554f,SHA-Family
8bc664bd3b2897e12c154bbd6b41479c2d626ce0a2a638d8a7b94664220f13f5e5e9f5342efa1423536378b61f3e2d63391cab1e42c7f6777478acbafe9ed3fe,Blake-Family
0215f53d4c0ecf96e5bdde539d642ccb81543f0c,SHA-Family
4951de13efa906e4a51633036107603bf8871783e532c61c18fcd3b9f4daaead,Blake-Family
c8cd10d24849f70d635697a8e7d2b07ac8ec910f184b149913abeb74d53d1444096dea6a1ebf7c8f6f14e94a725005b8,SHA-Family
6b3fb019ef359852bdc9f8249eab4df17d5222f26b7440d099ee2d121de42e0a,SHA-Family
8666d4d7c9eb64094a49b0b6ed2380e82dc3a988bb52cf15402b58a942aa55c4edb45c04939de9fd93bdc071a1fbbcd09902ca183a6cbaf9228311c7516694e2,Blake-Family
10688d7898e5b4b3f5a43166774908ca98ac9b9b12460537a7d61e87f75fb1826f371476a645150709a00f3b912d4925,SHA-Family
405c0419073935a350329272ae39ad130249cde8da1ad38589ca8a260e74bc71,Blake-Family
c8886ed49cc8fb492da3152766d7d67c1eb21f050f2b4eca7123dbd714ecf804,Blake-Family
fab6c189e10872c76a7844a355532e63521003d56d659d7ce6b370690931261b63c171ef7e39933c34f37f01ac87028562288ac66f52cd509608ebd49e1588f3,Blake-Family
35d2f14712552d196d9db35b2d60c98eca0b6505ec00d2088b51785de2df6e57145cfe59625833632390ed75581c0c3f,SHA-Family
0ab5c52adb32cfa4342c679227ef2c15760cb287aba9b989cd8b692e466217b7,SHA-Family
c36daae58d0ea365cf447f849652c557ab4686e0b5b6ebf03e36b4bf83c564cbfd85c9525ef1d93873c85a8da045cc3e,SHA-Family
09d0974a22268eaaae5487bda4f4d5e9c5938715225bda9e7a1b38226bdd8c53ed1051e9b0cbd19745a60babb3165f30f90f1b2e59974196b719c822f4a23298,SHA-Family
50bf342b1e5d31cd42c2fa8db31ca555a512a41de525c0167518e3c5de4c169f96e1a88d1987b62cc07abf41dbc34d11,SHA-Family
e41c1f1dc59c748ddabc45278f9752aaf3d5c580195251029e21ecb4cb97b947,SHA-Family
7dc4bfecd5c38db058e40c6ae0c490732951742fe85838df9e74ff91fedaee43,SHA-Family
f306bde929563e3e7036824ac25ef5caf0aafeffc4b95fc68de642fa3e608930320930a76ff683f1d1b2b77f5f15628f,SHA-Family
029ab05ec5cb1e9b13c73fd382bd12286e2ddcde,SHA-Family
4a33206456a2f62ae8692c1b9b676cbcbfef0e834c3088f248deb8f9,SHA-Family
d765cc6a8773a3f5ea7224ce4238d5ce62f69ad63dfff95653aad1c05f322ff7,SHA-Family
79344a41d72b52c9a0af43e3420e694a8065eadc,SHA-Family
56d590ade4222eac1e8348a80aab4e46e8acb167be62ed6349524bb3e04ada07f718aae0250f876bd8302eb7695b10855099e36f27b246b30ea415b7e38436b9,SHA-Family
fe7b9bfbcb1ecbd2bb20fb30828d31778eeb4f8fb850179e816c28dab6ae094bb82ef93cba4515ec39f5baa1eedcc22bda023f0b591b8a4040f119443bca7300,SHA-Family
a8fbc8ebc845540957a6a470af7440554a2496c27910e730da26401792a530e22e3ef29c1090a93f0384f353e93ce4d2,SHA-Family
716df298fe620de44e6e610f6cfadc4a256ff65024511ca0ad655fe30cf323f3feff849d3eee050b32d4ba29c7aef31d470068409c3bd7b746a83f93d0681cd6,Blake-Family
698a4a3161f59c623372cbe29d5fcfd90bd81992bad2cf560e2ba35e95067b4143a5074eaf52a0f07e8a4d130332d85677a3dd6dca626378743af30ab69bf0d3,SHA-Family
ce8c17702d106f6752cc711141331947804b60e64da2e724b3125aa5,SHA-Family
fc2e3c794eab9d372ee236a1e45e1bff80ca03523e51545ed23706bee59924848bbbfb5e56a95b641340e0b8698c88da,SHA-Family
2e0754367779fc8ab3391db41694f487e4222d53e2fd1098044545344d7b6b33,Blake-Family
6daa222a23d6dccdbe533f85f07ff7005d205455070ce016f1746d3f,SHA-Family
420b164e7e835c572deb758a9eba13b2f6676d79c094399b5f52edb2,SHA-Family
d72e526c5994e9f7c730f42fcfc9427938381d6828fca442335f83ceab140db1,SHA-Family
5a4d78cd900ad0de76a0dc3fd6eefea17cf0c66e2dc61468f4886e5f0c2e20c4,Blake-Family
4afe7090670d400b0116126f9d78ed3ca9077adb04dc4b7dd6b3d761572f9335,SHA-Family
db39dc766b22a6b1a7d0720ec705791524e74aa8773b8430fd6f292c,SHA-Family
40f24742c5e1027bdb0e26d7f7e2ff735b5b4e400a6e1511ca8a77fa58fd1dd5f35a562f2fba078a7199e3240ef98519336443a383636dbffbc0a49c05a02a7f,SHA-Family
e9edd9502ac44424786b0a89bbeb8c2678ae37cea6d54ac559c82ef0b510daaffad1a72cb0ba93f2816971ff0d1df6cf,SHA-Family
2d5655a9d73c9523615f5aa147d9cda0195e3fde8ca4745ac27b27988246c57e9c6b186dfbed7a61cbd05caa1675b3d60d06f2a1b6b9e1064f51e5cec7631ffd,SHA-Family
eeaa1d8244a4d8a48d323359b3ad93e7b8070862819f393740d8f4cd,SHA-Family
ed5fba1611577a9943f323f74ac763090e25c57852112079aa2e4b91,SHA-Family
efd681ded6f231f4b8ec847e21d4e995a589d31cb5d79e921442bda22ced36475e5fbda4cbfdc758ada5b41ed47c7c554c9cbaa433c8a5e9953bb21fb90b0ccf,SHA-Family
bfe0884f6c59f4c158cfb6e1b3188df5e72830cdc874ef748a010174725d6aa47ceb03103516eac8c4d77a5b50593147,SHA-Family
af9b037062924f9d8deeafbff9f12f26fcb1d418,SHA-Family
eb66bf92c8fe9a19a62a9cc6f5785621b56e8ec25c62d9bb35a9b18050504e4f26f5794d109537d5ae6e590e35c63f68494fe882377b4b92923ec2ef97b41efd,SHA-Family
5358bdc13ef9b8d3d49ad5c4889ce5bd1d67d855695bd715439fca80ee5fdca4,SHA-Family
30405ada87018eff18b2923a52a1946bf10389451211c43534d6a6250c2767b0,SHA-Family
27371b1b2c4ac9bb7a1f0504143ce156320c973f1d5f0f3d664227e6d282826c,SHA-Family
b9d643d4654fafa73a94232a66c1911783439d355129611033b4809fc7d2a30e40857be5f5d625d72456132c812b24c18d6342e4baaa08342d3aaa2179a875c7,SHA-Family
6c2cdfee8bd47edc14f92bd6a72de5aa7adea3bd210605eb7c6d994e05412b61e8b3bf7696dda75fdf193b53b529052af6b897ef95d8fdbb735fdad83cc98507,SHA-Family
8025a6d26ab81a2fb45e0385aeea7607d2428a75,SHA-Family
9fcb514be5db0577dd93f6b813d4abacfbbd580c1007cc9ff23b0a85ebada4546a6771da83e04a94c55538d5956376d51b1224d0b24cc4fa3309494e8850e826,SHA-Family
88b701cfa267d2ba30b31e209d2aca8441a0fa7ee5046b9b1fc1b39da8ee940f,SHA-Family
4dcb62571c8da9b7f6925767365b687454af8f69973ef975e1384705dd55a6f39076e46aad280f4175c92249a5b837e3116f0ae7097546e8f2850a6a316c5076,Blake-Family
3181e0952a66c8dce8ed239b7633c5fac0d3c43155352f50a76389a2d4ca3ad5ebd60b3cfc213907ad99582dbd83b55e,SHA-Family
8d2c32a547e04f4aef8a337570493126b34eabc6ada6e623c07a7c05,SHA-Family
e9ad5bce65ad92808a8d709d46c4d807fbaaf9143540c12f04596713,SHA-Family
c08fcc5dad288cce734b05c94ea79f0bfc9b2f818009bb5deb8b245b16d7a8979153fc0d0b44be9d59fab3d6cfb44520de0a6306c3c8ddd18921b29ad9d542c2,Blake-Family
68e69024c9efa0bfda883d2c0b2828647e42156a16b544bffb4fb8cbec9cef34,SHA-Family
8a6503260eaee919fff2db8ea4fd969219dc9a2a,SHA-Family
4268fe1a8bc434b172659d4a8de0a034633aff64892742e5a2e90f4c513e3c8dc995d05a3f3741bf60d7b7e2552ed932bc2cc2729e7bd1c1b37febecfc920ef4,SHA-Family
c010d24aad4a876700b2a1526ad374cfab2fb2ed4c7d7295643ae3e9e87b3e48,Blake-Family
