Cipher Text,Cipher
aaa56f0de54f77d532117420da2c88d0b58d9326,sha1
7e922c8a27e0fc84f71861c13f4932554149b22b3fac88cc362fc57d1c5c96fe9ed6f83ad0e764cbc91ccf580be3b2a5,sha384
36fe7fda65a4af86b6e6739221b7cb398c4f5de1521279411d449431601bf03714781c56daf7f694423fb641a442b3dd,sha384
4d1e531ce62f9b4b43cf6ac933e7dac88890ffbd7b167bf838d4d0cbb26d940394c9c6781f563f2375ea1682d071fcf9,sha384
6e541a3d31309a5561bd1a8c05f1b010902cf9afd30a6e5cd5c0332a33bf93a89b4afa41044faa9604ab46bc39417d630898ae516c40a1748bbfdb71068d244f,sha512
ce8d3c9e3bf94af079a787b51a058d61cd16966a4eb50d94aa460203,sha224
f2be48db0c420a7db30e0e35eec31d20,md5
0cf31b2c283ce3431794586df7b0996d,md5
c56381419c9ecef7473113eeab0f308a22401239,sha1
72c62ebd8a91dab109fe6ce4c169980b69f3ec2d1674011a29ab09eb,sha224
13d670de57979a9dbde54a0552db2b0d802b994c5dee4e545f13ff51,sha224
1a0f564ddc6039457b2fb26b3d6a316c15eba20a886449847c3210c35821a693,sha256
5fd760fb3955465a6d8a7512d418584cb519131f39577760a2e21e72d8d7344339ce68d0777963d7c9c26b13710420c8,sha384
b5fcf409f4bbddbf659b5ca113a4592d1e6d769d036e294ec6a0e1b35e4da39a,sha256
a11277eeec190c0ac797d19d52cc0276986bb3784230d57a4a1253ee2685e66c098dbd2ed2fac6cfa108818bca98619a,sha384
e4c79dafbe06084f596611cddabfee4aa89ccbdeb4c8a8bcbede508008c66d3ab91ec8ff34528944dad59a5be9be181e6e0cfe90e9c79a1410a36841bb6ed5d3,sha512
28d62d6cadd2dce9ae41c4385499682bf280c8a04591408f535d4376,sha224
029ab05ec5cb1e9b13c73fd382bd12286e2ddcde,sha1
eb66bf92c8fe9a19a62a9cc6f5785621b56e8ec25c62d9bb35a9b18050504e4f26f5794d109537d5ae6e590e35c63f68494fe882377b4b92923ec2ef97b41efd,sha512
94e5f0f30404f822cd9b6c73662ca031,md5
38ee69d31e3db19b7c578395b8e63cf4bafe531a,sha1
b9d643d4654fafa73a94232a66c1911783439d355129611033b4809fc7d2a30e40857be5f5d625d72456132c812b24c18d6342e4baaa08342d3aaa2179a875c7,sha512
7477ca3705a3b0fe0c938ae7656812a0549f6e3eeb92e50f95a877a4967344e8ac8e9fb36d4c2d99ad8f7b4e4d14d8a4,sha384
41bcb60714279b44217a45f6b190d8db62896e65645c50aef42342b62f26d03c,sha256
68e69024c9efa0bfda883d2c0b2828647e42156a16b544bffb4fb8cbec9cef34,sha256
885b5ae1687a2cf40e36273f24f5b0a24ade40d1309f24033117857a2d32c2ad,sha256
d49e6a42248f68f22422b9b1cb0429ee7cf415b1b12c384ee840ad0885d379aa,sha256
f39fb68678a5bfc1662dfb8c494d61f9,md5
466f6c8602a8389dfa3ed356e1fd255154a1e74a11d5c0b3149d0bf259cc4f3163860e97166656579ea72e6cc528e45b620638ccabb28dd05190be9feb643972,sha512
09d0974a22268eaaae5487bda4f4d5e9c5938715225bda9e7a1b38226bdd8c53ed1051e9b0cbd19745a60babb3165f30f90f1b2e59974196b719c822f4a23298,sha512
dba342eb3d83c4f62d70c3054c89cc30c8600a709e00defc5c1d73ff,sha224
65aea98c57dcd2a1ffb0d35ca20603caaf7d9f03,sha1
39c4f5f95f8527237e7836bbf1123e96,md5
57d31fa8e0e2689feb2e330252a02b2c0a0615b993d4ba2bd5ca0b4b4124ac7b1537c9a12ffb08b3bcced46b60fadeec,sha384
acc389571073dd1302decb1be07a85e7,md5
abccdf112e47227606a9007094064bae9e7f1b0d989bceeed3c08604,sha224
ec18a0d8a751c2ad4f637965eb2c1dd07775df0a,sha1
09782e8453db74f24f31d95ef05415b79cad48cd5e40cd0f9a7c8bd0,sha224
1b89469483cd58f48b974b768a2e347d0ab0c8d3,sha1
016269329952afc76247da0d6a8e5262c3ee43cde3bc48e8f28cf7468a4255b1ecdc1f45bd79a22c6a636ba7ae3b7f15d67ef017ffd049f5be9c3610164003ff,sha512
54c4f5265e48dd5ca1f2752029c1b40d,md5
817cc46a17b66ab153c8515c65474aa6beedc4edf9e06629f112244bdb7aca7f,sha256
